Country,coicop,Month,Inflation_Rate
DE,CP00,2020-01,123.0
FR,CP00,2020-01,121.71
NL,CP00,2020-01,122.52
UK,CP00,2020-01,138.5
DE,CP00,2020-01,105.1
FR,CP00,2020-01,105.24
NL,CP00,2020-01,104.85
UK,CP00,2020-01,108.2
DE,CP00,2020-01,138.8
FR,CP00,2020-01,140.4
NL,CP00,2020-01,152.3
UK,CP00,2020-01,157.2
DE,CP00,2020-02,123.7
FR,CP00,2020-02,121.74
NL,CP00,2020-02,123.6
UK,CP00,2020-02,139.1
DE,CP00,2020-02,105.7
FR,CP00,2020-02,105.27
NL,CP00,2020-02,105.77
UK,CP00,2020-02,108.6
DE,CP00,2020-02,139.6
FR,CP00,2020-02,140.5
NL,CP00,2020-02,153.7
UK,CP00,2020-02,157.9
DE,CP00,2020-03,123.8
FR,CP00,2020-03,121.83
NL,CP00,2020-03,123.97
UK,CP00,2020-03,139.1
DE,CP00,2020-03,105.8
FR,CP00,2020-03,105.34
NL,CP00,2020-03,106.09
UK,CP00,2020-03,108.6
DE,CP00,2020-03,139.7
FR,CP00,2020-03,140.6
NL,CP00,2020-03,154.1
UK,CP00,2020-03,157.9
DE,CP00,2020-04,124.3
FR,CP00,2020-04,121.8
NL,CP00,2020-04,125.2
UK,CP00,2020-04,138.9
DE,CP00,2020-04,106.2
FR,CP00,2020-04,105.32
NL,CP00,2020-04,107.14
UK,CP00,2020-04,108.5
DE,CP00,2020-04,140.3
FR,CP00,2020-04,140.6
NL,CP00,2020-04,155.7
UK,CP00,2020-04,157.6
DE,CP00,2020-05,124.2
FR,CP00,2020-05,121.99
NL,CP00,2020-05,124.97
UK,CP00,2020-05,138.9
DE,CP00,2020-05,106.2
FR,CP00,2020-05,105.49
NL,CP00,2020-05,106.94
UK,CP00,2020-05,108.5
DE,CP00,2020-05,140.2
FR,CP00,2020-05,140.8
NL,CP00,2020-05,155.4
UK,CP00,2020-05,157.6
DE,CP00,2020-06,125.1
FR,CP00,2020-06,122.1
NL,CP00,2020-06,125.56
UK,CP00,2020-06,139.0
DE,CP00,2020-06,106.9
FR,CP00,2020-06,105.58
NL,CP00,2020-06,107.45
UK,CP00,2020-06,108.6
DE,CP00,2020-06,141.1
FR,CP00,2020-06,140.9
NL,CP00,2020-06,156.1
UK,CP00,2020-06,157.8
DE,CP00,2020-07,124.5
FR,CP00,2020-07,122.6
NL,CP00,2020-07,126.69
UK,CP00,2020-07,139.6
DE,CP00,2020-07,106.4
FR,CP00,2020-07,106.01
NL,CP00,2020-07,108.42
UK,CP00,2020-07,109.1
DE,CP00,2020-07,140.5
FR,CP00,2020-07,141.5
NL,CP00,2020-07,157.5
UK,CP00,2020-07,158.5
DE,CP00,2020-08,124.2
FR,CP00,2020-08,122.47
NL,CP00,2020-08,125.8
UK,CP00,2020-08,139.0
DE,CP00,2020-08,106.2
FR,CP00,2020-08,105.89
NL,CP00,2020-08,107.65
UK,CP00,2020-08,108.6
DE,CP00,2020-08,140.2
FR,CP00,2020-08,141.3
NL,CP00,2020-08,156.4
UK,CP00,2020-08,157.8
DE,CP00,2020-09,123.9
FR,CP00,2020-09,121.78
NL,CP00,2020-09,125.26
UK,CP00,2020-09,139.6
DE,CP00,2020-09,105.8
FR,CP00,2020-09,105.3
NL,CP00,2020-09,107.19
UK,CP00,2020-09,109.1
DE,CP00,2020-09,139.8
FR,CP00,2020-09,140.5
NL,CP00,2020-09,155.7
UK,CP00,2020-09,158.5
DE,CP00,2020-10,123.8
FR,CP00,2020-10,121.75
NL,CP00,2020-10,126.26
UK,CP00,2020-10,139.6
DE,CP00,2020-10,105.8
FR,CP00,2020-10,105.27
NL,CP00,2020-10,108.05
UK,CP00,2020-10,109.1
DE,CP00,2020-10,139.7
FR,CP00,2020-10,140.5
NL,CP00,2020-10,157.0
UK,CP00,2020-10,158.5
DE,CP00,2020-11,122.5
FR,CP00,2020-11,122.01
NL,CP00,2020-11,124.71
UK,CP00,2020-11,139.4
DE,CP00,2020-11,104.7
FR,CP00,2020-11,105.5
NL,CP00,2020-11,106.72
UK,CP00,2020-11,108.9
DE,CP00,2020-11,138.3
FR,CP00,2020-11,140.8
NL,CP00,2020-11,155.0
UK,CP00,2020-11,158.2
DE,CP00,2020-12,123.3
FR,CP00,2020-12,122.3
NL,CP00,2020-12,125.3
UK,CP00,2020-12,
DE,CP00,2020-12,105.3
FR,CP00,2020-12,105.75
NL,CP00,2020-12,107.22
UK,CP00,2020-12,
DE,CP00,2020-12,139.1
FR,CP00,2020-12,141.1
NL,CP00,2020-12,155.8
UK,CP00,2020-12,
DE,CP00,2021-01,125.0
FR,CP00,2021-01,122.63
NL,CP00,2021-01,124.47
UK,CP00,2021-01,
DE,CP00,2021-01,106.8
FR,CP00,2021-01,106.03
NL,CP00,2021-01,106.51
UK,CP00,2021-01,
DE,CP00,2021-01,141.0
FR,CP00,2021-01,141.5
NL,CP00,2021-01,154.7
UK,CP00,2021-01,
DE,CP00,2021-02,125.7
FR,CP00,2021-02,122.66
NL,CP00,2021-02,125.92
UK,CP00,2021-02,
DE,CP00,2021-02,107.4
FR,CP00,2021-02,106.07
NL,CP00,2021-02,107.76
UK,CP00,2021-02,
DE,CP00,2021-02,141.8
FR,CP00,2021-02,141.5
NL,CP00,2021-02,156.5
UK,CP00,2021-02,
DE,CP00,2021-03,126.2
FR,CP00,2021-03,123.52
NL,CP00,2021-03,126.31
UK,CP00,2021-03,
DE,CP00,2021-03,107.9
FR,CP00,2021-03,106.8
NL,CP00,2021-03,108.09
UK,CP00,2021-03,
DE,CP00,2021-03,142.4
FR,CP00,2021-03,142.5
NL,CP00,2021-03,157.0
UK,CP00,2021-03,
DE,CP00,2021-04,126.8
FR,CP00,2021-04,123.76
NL,CP00,2021-04,127.31
UK,CP00,2021-04,
DE,CP00,2021-04,108.4
FR,CP00,2021-04,107.02
NL,CP00,2021-04,108.95
UK,CP00,2021-04,
DE,CP00,2021-04,143.2
FR,CP00,2021-04,142.8
NL,CP00,2021-04,158.3
UK,CP00,2021-04,
DE,CP00,2021-05,127.2
FR,CP00,2021-05,124.19
NL,CP00,2021-05,127.51
UK,CP00,2021-05,
DE,CP00,2021-05,108.7
FR,CP00,2021-05,107.38
NL,CP00,2021-05,109.11
UK,CP00,2021-05,
DE,CP00,2021-05,143.6
FR,CP00,2021-05,143.3
NL,CP00,2021-05,158.5
UK,CP00,2021-05,
DE,CP00,2021-06,127.6
FR,CP00,2021-06,124.4
NL,CP00,2021-06,127.69
UK,CP00,2021-06,
DE,CP00,2021-06,109.1
FR,CP00,2021-06,107.57
NL,CP00,2021-06,109.27
UK,CP00,2021-06,
DE,CP00,2021-06,144.0
FR,CP00,2021-06,143.6
NL,CP00,2021-06,158.8
UK,CP00,2021-06,
DE,CP00,2021-07,128.4
FR,CP00,2021-07,124.49
NL,CP00,2021-07,128.49
UK,CP00,2021-07,
DE,CP00,2021-07,109.7
FR,CP00,2021-07,107.64
NL,CP00,2021-07,109.96
UK,CP00,2021-07,
DE,CP00,2021-07,144.9
FR,CP00,2021-07,143.6
NL,CP00,2021-07,159.7
UK,CP00,2021-07,
DE,CP00,2021-08,128.5
FR,CP00,2021-08,125.35
NL,CP00,2021-08,129.17
UK,CP00,2021-08,
DE,CP00,2021-08,109.8
FR,CP00,2021-08,108.38
NL,CP00,2021-08,110.54
UK,CP00,2021-08,
DE,CP00,2021-08,145.0
FR,CP00,2021-08,144.6
NL,CP00,2021-08,160.6
UK,CP00,2021-08,
DE,CP00,2021-09,128.8
FR,CP00,2021-09,125.09
NL,CP00,2021-09,128.97
UK,CP00,2021-09,
DE,CP00,2021-09,110.1
FR,CP00,2021-09,108.16
NL,CP00,2021-09,110.37
UK,CP00,2021-09,
DE,CP00,2021-09,145.3
FR,CP00,2021-09,144.3
NL,CP00,2021-09,160.3
UK,CP00,2021-09,
DE,CP00,2021-10,129.6
FR,CP00,2021-10,125.64
NL,CP00,2021-10,131.0
UK,CP00,2021-10,
DE,CP00,2021-10,110.7
FR,CP00,2021-10,108.64
NL,CP00,2021-10,112.1
UK,CP00,2021-10,
DE,CP00,2021-10,146.2
FR,CP00,2021-10,145.0
NL,CP00,2021-10,162.9
UK,CP00,2021-10,
DE,CP00,2021-11,129.8
FR,CP00,2021-11,126.16
NL,CP00,2021-11,132.08
UK,CP00,2021-11,
DE,CP00,2021-11,111.0
FR,CP00,2021-11,109.09
NL,CP00,2021-11,113.02
UK,CP00,2021-11,
DE,CP00,2021-11,146.5
FR,CP00,2021-11,145.6
NL,CP00,2021-11,164.2
UK,CP00,2021-11,
DE,CP00,2021-12,130.2
FR,CP00,2021-12,126.45
NL,CP00,2021-12,133.32
UK,CP00,2021-12,
DE,CP00,2021-12,111.3
FR,CP00,2021-12,109.34
NL,CP00,2021-12,114.09
UK,CP00,2021-12,
DE,CP00,2021-12,147.0
FR,CP00,2021-12,145.9
NL,CP00,2021-12,165.7
UK,CP00,2021-12,
DE,CP00,2022-01,131.4
FR,CP00,2022-01,126.65
NL,CP00,2022-01,133.93
UK,CP00,2022-01,
DE,CP00,2022-01,112.3
FR,CP00,2022-01,109.51
NL,CP00,2022-01,114.61
UK,CP00,2022-01,
DE,CP00,2022-01,148.2
FR,CP00,2022-01,146.2
NL,CP00,2022-01,166.5
UK,CP00,2022-01,
DE,CP00,2022-02,132.5
FR,CP00,2022-02,127.79
NL,CP00,2022-02,135.06
UK,CP00,2022-02,
DE,CP00,2022-02,113.3
FR,CP00,2022-02,110.49
NL,CP00,2022-02,115.58
UK,CP00,2022-02,
DE,CP00,2022-02,149.6
FR,CP00,2022-02,147.5
NL,CP00,2022-02,167.9
UK,CP00,2022-02,
DE,CP00,2022-03,135.8
FR,CP00,2022-03,129.83
NL,CP00,2022-03,141.04
UK,CP00,2022-03,
DE,CP00,2022-03,116.1
FR,CP00,2022-03,112.26
NL,CP00,2022-03,120.7
UK,CP00,2022-03,
DE,CP00,2022-03,153.3
FR,CP00,2022-03,149.8
NL,CP00,2022-03,175.3
UK,CP00,2022-03,
DE,CP00,2022-04,136.8
FR,CP00,2022-04,130.43
NL,CP00,2022-04,141.59
UK,CP00,2022-04,
DE,CP00,2022-04,116.9
FR,CP00,2022-04,112.78
NL,CP00,2022-04,121.16
UK,CP00,2022-04,
DE,CP00,2022-04,154.4
FR,CP00,2022-04,150.5
NL,CP00,2022-04,176.0
UK,CP00,2022-04,
DE,CP00,2022-05,138.3
FR,CP00,2022-05,131.42
NL,CP00,2022-05,140.47
UK,CP00,2022-05,
DE,CP00,2022-05,118.2
FR,CP00,2022-05,113.63
NL,CP00,2022-05,120.21
UK,CP00,2022-05,
DE,CP00,2022-05,156.0
FR,CP00,2022-05,151.6
NL,CP00,2022-05,174.6
UK,CP00,2022-05,
DE,CP00,2022-06,138.2
FR,CP00,2022-06,132.53
NL,CP00,2022-06,140.39
UK,CP00,2022-06,
DE,CP00,2022-06,118.1
FR,CP00,2022-06,114.6
NL,CP00,2022-06,120.13
UK,CP00,2022-06,
DE,CP00,2022-06,156.0
FR,CP00,2022-06,152.9
NL,CP00,2022-06,174.5
UK,CP00,2022-06,
DE,CP00,2022-07,139.2
FR,CP00,2022-07,132.93
NL,CP00,2022-07,143.43
UK,CP00,2022-07,
DE,CP00,2022-07,119.0
FR,CP00,2022-07,114.94
NL,CP00,2022-07,122.74
UK,CP00,2022-07,
DE,CP00,2022-07,157.1
FR,CP00,2022-07,153.4
NL,CP00,2022-07,178.3
UK,CP00,2022-07,
DE,CP00,2022-08,139.8
FR,CP00,2022-08,133.56
NL,CP00,2022-08,146.8
UK,CP00,2022-08,
DE,CP00,2022-08,119.5
FR,CP00,2022-08,115.49
NL,CP00,2022-08,125.63
UK,CP00,2022-08,
DE,CP00,2022-08,157.8
FR,CP00,2022-08,154.1
NL,CP00,2022-08,182.5
UK,CP00,2022-08,
DE,CP00,2022-09,142.9
FR,CP00,2022-09,132.89
NL,CP00,2022-09,150.98
UK,CP00,2022-09,
DE,CP00,2022-09,122.1
FR,CP00,2022-09,114.9
NL,CP00,2022-09,129.2
UK,CP00,2022-09,
DE,CP00,2022-09,161.3
FR,CP00,2022-09,153.3
NL,CP00,2022-09,187.7
UK,CP00,2022-09,
DE,CP00,2022-10,144.6
FR,CP00,2022-10,134.53
NL,CP00,2022-10,152.98
UK,CP00,2022-10,
DE,CP00,2022-10,123.5
FR,CP00,2022-10,116.32
NL,CP00,2022-10,130.92
UK,CP00,2022-10,
DE,CP00,2022-10,163.1
FR,CP00,2022-10,155.2
NL,CP00,2022-10,190.2
UK,CP00,2022-10,
DE,CP00,2022-11,144.5
FR,CP00,2022-11,135.1
NL,CP00,2022-11,147.01
UK,CP00,2022-11,
DE,CP00,2022-11,123.5
FR,CP00,2022-11,116.81
NL,CP00,2022-11,125.81
UK,CP00,2022-11,
DE,CP00,2022-11,163.1
FR,CP00,2022-11,155.9
NL,CP00,2022-11,182.8
UK,CP00,2022-11,
DE,CP00,2022-12,142.7
FR,CP00,2022-12,134.97
NL,CP00,2022-12,147.99
UK,CP00,2022-12,
DE,CP00,2022-12,122.0
FR,CP00,2022-12,116.7
NL,CP00,2022-12,126.64
UK,CP00,2022-12,
DE,CP00,2022-12,161.1
FR,CP00,2022-12,155.7
NL,CP00,2022-12,184.0
UK,CP00,2022-12,
DE,CP00,2023-01,143.5
FR,CP00,2023-01,135.56
NL,CP00,2023-01,145.18
UK,CP00,2023-01,
DE,CP00,2023-01,122.6
FR,CP00,2023-01,117.22
NL,CP00,2023-01,124.23
UK,CP00,2023-01,
DE,CP00,2023-01,162.0
FR,CP00,2023-01,156.4
NL,CP00,2023-01,180.5
UK,CP00,2023-01,
DE,CP00,2023-02,144.9
FR,CP00,2023-02,137.1
NL,CP00,2023-02,147.13
UK,CP00,2023-02,
DE,CP00,2023-02,123.8
FR,CP00,2023-02,118.55
NL,CP00,2023-02,125.9
UK,CP00,2023-02,
DE,CP00,2023-02,163.5
FR,CP00,2023-02,158.2
NL,CP00,2023-02,182.9
UK,CP00,2023-02,
DE,CP00,2023-03,146.3
FR,CP00,2023-03,138.5
NL,CP00,2023-03,147.43
UK,CP00,2023-03,
DE,CP00,2023-03,125.1
FR,CP00,2023-03,119.76
NL,CP00,2023-03,126.16
UK,CP00,2023-03,
DE,CP00,2023-03,165.1
FR,CP00,2023-03,159.8
NL,CP00,2023-03,183.3
UK,CP00,2023-03,
DE,CP00,2023-04,147.2
FR,CP00,2023-04,139.42
NL,CP00,2023-04,149.77
UK,CP00,2023-04,
DE,CP00,2023-04,125.8
FR,CP00,2023-04,120.55
NL,CP00,2023-04,128.17
UK,CP00,2023-04,
DE,CP00,2023-04,166.1
FR,CP00,2023-04,160.9
NL,CP00,2023-04,186.2
UK,CP00,2023-04,
DE,CP00,2023-05,147.0
FR,CP00,2023-05,139.32
NL,CP00,2023-05,150.06
UK,CP00,2023-05,
DE,CP00,2023-05,125.6
FR,CP00,2023-05,120.46
NL,CP00,2023-05,128.41
UK,CP00,2023-05,
DE,CP00,2023-05,165.9
FR,CP00,2023-05,160.8
NL,CP00,2023-05,186.6
UK,CP00,2023-05,
DE,CP00,2023-06,147.5
FR,CP00,2023-06,139.61
NL,CP00,2023-06,149.32
UK,CP00,2023-06,
DE,CP00,2023-06,126.1
FR,CP00,2023-06,120.71
NL,CP00,2023-06,127.78
UK,CP00,2023-06,
DE,CP00,2023-06,166.5
FR,CP00,2023-06,161.1
NL,CP00,2023-06,185.6
UK,CP00,2023-06,
DE,CP00,2023-07,148.3
FR,CP00,2023-07,139.67
NL,CP00,2023-07,151.03
UK,CP00,2023-07,
DE,CP00,2023-07,126.7
FR,CP00,2023-07,120.77
NL,CP00,2023-07,129.25
UK,CP00,2023-07,
DE,CP00,2023-07,167.3
FR,CP00,2023-07,161.2
NL,CP00,2023-07,187.8
UK,CP00,2023-07,
DE,CP00,2023-08,148.8
FR,CP00,2023-08,141.21
NL,CP00,2023-08,151.8
UK,CP00,2023-08,
DE,CP00,2023-08,127.2
FR,CP00,2023-08,122.1
NL,CP00,2023-08,129.9
UK,CP00,2023-08,
DE,CP00,2023-08,167.9
FR,CP00,2023-08,162.9
NL,CP00,2023-08,188.7
UK,CP00,2023-08,
DE,CP00,2023-09,149.0
FR,CP00,2023-09,140.4
NL,CP00,2023-09,150.52
UK,CP00,2023-09,
DE,CP00,2023-09,127.4
FR,CP00,2023-09,121.4
NL,CP00,2023-09,128.81
UK,CP00,2023-09,
DE,CP00,2023-09,168.2
FR,CP00,2023-09,162.0
NL,CP00,2023-09,187.1
UK,CP00,2023-09,
DE,CP00,2023-10,148.8
FR,CP00,2023-10,140.65
NL,CP00,2023-10,151.4
UK,CP00,2023-10,
DE,CP00,2023-10,127.2
FR,CP00,2023-10,121.61
NL,CP00,2023-10,129.56
UK,CP00,2023-10,
DE,CP00,2023-10,167.9
FR,CP00,2023-10,162.3
NL,CP00,2023-10,188.2
UK,CP00,2023-10,
DE,CP00,2023-11,147.8
FR,CP00,2023-11,140.31
NL,CP00,2023-11,149.14
UK,CP00,2023-11,
DE,CP00,2023-11,126.3
FR,CP00,2023-11,121.32
NL,CP00,2023-11,127.63
UK,CP00,2023-11,
DE,CP00,2023-11,166.8
FR,CP00,2023-11,161.9
NL,CP00,2023-11,185.4
UK,CP00,2023-11,
DE,CP00,2023-12,148.1
FR,CP00,2023-12,140.5
NL,CP00,2023-12,149.43
UK,CP00,2023-12,
DE,CP00,2023-12,126.6
FR,CP00,2023-12,121.49
NL,CP00,2023-12,127.88
UK,CP00,2023-12,
DE,CP00,2023-12,167.1
FR,CP00,2023-12,162.1
NL,CP00,2023-12,185.8
UK,CP00,2023-12,
DE,CP00,2024-01,147.9
FR,CP00,2024-01,140.17
NL,CP00,2024-01,149.67
UK,CP00,2024-01,
DE,CP00,2024-01,126.4
FR,CP00,2024-01,121.2
NL,CP00,2024-01,128.08
UK,CP00,2024-01,
DE,CP00,2024-01,166.9
FR,CP00,2024-01,161.7
NL,CP00,2024-01,186.1
UK,CP00,2024-01,
DE,CP00,2024-02,148.8
FR,CP00,2024-02,141.5
NL,CP00,2024-02,151.09
UK,CP00,2024-02,
DE,CP00,2024-02,127.2
FR,CP00,2024-02,122.35
NL,CP00,2024-02,129.29
UK,CP00,2024-02,
DE,CP00,2024-02,168.0
FR,CP00,2024-02,163.3
NL,CP00,2024-02,187.8
UK,CP00,2024-02,
DE,CP00,2024-03,149.8
FR,CP00,2024-03,141.84
NL,CP00,2024-03,152.02
UK,CP00,2024-03,
DE,CP00,2024-03,128.0
FR,CP00,2024-03,122.65
NL,CP00,2024-03,130.09
UK,CP00,2024-03,
DE,CP00,2024-03,169.0
FR,CP00,2024-03,163.7
NL,CP00,2024-03,189.0
UK,CP00,2024-03,
DE,CP00,2024-04,150.7
FR,CP00,2024-04,142.73
NL,CP00,2024-04,153.64
UK,CP00,2024-04,
DE,CP00,2024-04,128.8
FR,CP00,2024-04,123.41
NL,CP00,2024-04,131.47
UK,CP00,2024-04,
DE,CP00,2024-04,170.0
FR,CP00,2024-04,164.7
NL,CP00,2024-04,191.0
UK,CP00,2024-04,
DE,CP00,2024-05,151.0
FR,CP00,2024-05,142.93
NL,CP00,2024-05,154.08
UK,CP00,2024-05,
DE,CP00,2024-05,129.1
FR,CP00,2024-05,123.59
NL,CP00,2024-05,131.85
UK,CP00,2024-05,
DE,CP00,2024-05,170.4
FR,CP00,2024-05,164.9
NL,CP00,2024-05,191.6
UK,CP00,2024-05,
DE,CP00,2024-06,151.3
FR,CP00,2024-06,143.15
NL,CP00,2024-06,154.33
UK,CP00,2024-06,
DE,CP00,2024-06,129.3
FR,CP00,2024-06,123.78
NL,CP00,2024-06,132.07
UK,CP00,2024-06,
DE,CP00,2024-06,170.8
FR,CP00,2024-06,165.2
NL,CP00,2024-06,191.9
UK,CP00,2024-06,
DE,CP00,2024-07,152.1
FR,CP00,2024-07,143.44
NL,CP00,2024-07,156.27
UK,CP00,2024-07,
DE,CP00,2024-07,130.0
FR,CP00,2024-07,124.03
NL,CP00,2024-07,133.73
UK,CP00,2024-07,
DE,CP00,2024-07,171.6
FR,CP00,2024-07,165.5
NL,CP00,2024-07,194.3
UK,CP00,2024-07,
DE,CP00,2024-08,151.9
FR,CP00,2024-08,144.3
NL,CP00,2024-08,156.84
UK,CP00,2024-08,
DE,CP00,2024-08,129.8
FR,CP00,2024-08,124.77
NL,CP00,2024-08,134.22
UK,CP00,2024-08,
DE,CP00,2024-08,171.4
FR,CP00,2024-08,166.5
NL,CP00,2024-08,195.0
UK,CP00,2024-08,
DE,CP00,2024-09,151.8
FR,CP00,2024-09,142.42
NL,CP00,2024-09,155.43
UK,CP00,2024-09,
DE,CP00,2024-09,129.7
FR,CP00,2024-09,123.15
NL,CP00,2024-09,133.01
UK,CP00,2024-09,
DE,CP00,2024-09,171.3
FR,CP00,2024-09,164.3
NL,CP00,2024-09,193.2
UK,CP00,2024-09,
DE,CP00,2024-10,152.3
FR,CP00,2024-10,142.87
NL,CP00,2024-10,156.41
UK,CP00,2024-10,
DE,CP00,2024-10,130.2
FR,CP00,2024-10,123.54
NL,CP00,2024-10,133.85
UK,CP00,2024-10,
DE,CP00,2024-10,171.9
FR,CP00,2024-10,164.9
NL,CP00,2024-10,194.5
UK,CP00,2024-10,
DE,CP00,2024-11,151.4
FR,CP00,2024-11,142.67
NL,CP00,2024-11,154.79
UK,CP00,2024-11,
DE,CP00,2024-11,129.3
FR,CP00,2024-11,123.36
NL,CP00,2024-11,132.47
UK,CP00,2024-11,
DE,CP00,2024-11,170.8
FR,CP00,2024-11,164.6
NL,CP00,2024-11,192.4
UK,CP00,2024-11,
DE,CP00,2024-12,152.3
FR,CP00,2024-12,142.96
NL,CP00,2024-12,155.33
UK,CP00,2024-12,
DE,CP00,2024-12,130.2
FR,CP00,2024-12,123.62
NL,CP00,2024-12,132.93
UK,CP00,2024-12,
DE,CP00,2024-12,171.9
FR,CP00,2024-12,165.0
NL,CP00,2024-12,193.1
UK,CP00,2024-12,
DE,CP00,2025-01,152.0
FR,CP00,2025-01,142.74
NL,CP00,2025-01,154.14
UK,CP00,2025-01,
DE,CP00,2025-01,129.9
FR,CP00,2025-01,123.42
NL,CP00,2025-01,131.91
UK,CP00,2025-01,
DE,CP00,2025-01,171.5
FR,CP00,2025-01,164.7
NL,CP00,2025-01,191.6
UK,CP00,2025-01,
DE,CP00,2025-02,152.7
FR,CP00,2025-02,142.81
NL,CP00,2025-02,156.34
UK,CP00,2025-02,
DE,CP00,2025-02,130.5
FR,CP00,2025-02,123.49
NL,CP00,2025-02,133.79
UK,CP00,2025-02,
DE,CP00,2025-02,172.4
FR,CP00,2025-02,164.8
NL,CP00,2025-02,194.4
UK,CP00,2025-02,
DE,CP00,2025-03,153.3
FR,CP00,2025-03,143.1
NL,CP00,2025-03,157.17
UK,CP00,2025-03,
DE,CP00,2025-03,131.0
FR,CP00,2025-03,123.73
NL,CP00,2025-03,134.5
UK,CP00,2025-03,
DE,CP00,2025-03,173.0
FR,CP00,2025-03,165.1
NL,CP00,2025-03,195.4
UK,CP00,2025-03,
DE,CP00,2025-04,154.0
FR,CP00,2025-04,144.04
NL,CP00,2025-04,159.96
UK,CP00,2025-04,
DE,CP00,2025-04,131.6
FR,CP00,2025-04,124.55
NL,CP00,2025-04,136.89
UK,CP00,2025-04,
DE,CP00,2025-04,173.8
FR,CP00,2025-04,166.2
NL,CP00,2025-04,198.9
UK,CP00,2025-04,
DE,CP00,2025-05,154.2
FR,CP00,2025-05,143.77
NL,CP00,2025-05,158.48
UK,CP00,2025-05,
DE,CP00,2025-05,131.8
FR,CP00,2025-05,124.32
NL,CP00,2025-05,135.62
UK,CP00,2025-05,
DE,CP00,2025-05,174.0
FR,CP00,2025-05,165.9
NL,CP00,2025-05,197.0
UK,CP00,2025-05,
DE,CP00,2025-06,154.3
FR,CP00,2025-06,144.38
NL,CP00,2025-06,158.46
UK,CP00,2025-06,
DE,CP00,2025-06,131.9
FR,CP00,2025-06,124.85
NL,CP00,2025-06,135.6
UK,CP00,2025-06,
DE,CP00,2025-06,174.1
FR,CP00,2025-06,166.6
NL,CP00,2025-06,197.0
UK,CP00,2025-06,
DE,CP00,2025-07,154.9
FR,CP00,2025-07,144.8
NL,CP00,2025-07,160.25
UK,CP00,2025-07,
DE,CP00,2025-07,132.4
FR,CP00,2025-07,125.2
NL,CP00,2025-07,137.13
UK,CP00,2025-07,
DE,CP00,2025-07,174.8
FR,CP00,2025-07,167.1
NL,CP00,2025-07,199.2
UK,CP00,2025-07,
DE,CP00,2025-08,155.0
FR,CP00,2025-08,145.48
NL,CP00,2025-08,160.63
UK,CP00,2025-08,
DE,CP00,2025-08,132.5
FR,CP00,2025-08,125.8
NL,CP00,2025-08,137.46
UK,CP00,2025-08,
DE,CP00,2025-08,174.9
FR,CP00,2025-08,167.9
NL,CP00,2025-08,199.7
UK,CP00,2025-08,
DE,CP00,2025-09,155.4
FR,CP00,2025-09,143.95
NL,CP00,2025-09,160.05
UK,CP00,2025-09,
DE,CP00,2025-09,132.8
FR,CP00,2025-09,124.47
NL,CP00,2025-09,136.96
UK,CP00,2025-09,
DE,CP00,2025-09,175.3
FR,CP00,2025-09,166.1
NL,CP00,2025-09,199.0
UK,CP00,2025-09,
DE,CP00,2025-10,155.8
FR,CP00,2025-10,144.08
NL,CP00,2025-10,161.17
UK,CP00,2025-10,
DE,CP00,2025-10,133.2
FR,CP00,2025-10,124.58
NL,CP00,2025-10,137.92
UK,CP00,2025-10,
DE,CP00,2025-10,175.9
FR,CP00,2025-10,166.3
NL,CP00,2025-10,200.4
UK,CP00,2025-10,
DE,CP00,2025-11,155.2
FR,CP00,2025-11,143.78
NL,CP00,2025-11,158.86
UK,CP00,2025-11,
DE,CP00,2025-11,132.6
FR,CP00,2025-11,124.33
NL,CP00,2025-11,135.95
UK,CP00,2025-11,
DE,CP00,2025-11,175.2
FR,CP00,2025-11,165.9
NL,CP00,2025-11,197.5
UK,CP00,2025-11,
DE,CP00,2025-12,155.4
FR,CP00,2025-12,143.9
NL,CP00,2025-12,159.6
UK,CP00,2025-12,
DE,CP00,2025-12,132.8
FR,CP00,2025-12,124.43
NL,CP00,2025-12,136.58
UK,CP00,2025-12,
DE,CP00,2025-12,175.4
FR,CP00,2025-12,166.1
NL,CP00,2025-12,198.4
UK,CP00,2025-12,
