Month,Country,Topic,AverageSentiment,ArticleVolume
2021-01,DE,Employment,-2.88094430677977,10
2021-01,DE,Housing,-2.477050594007605,5
2021-01,DE,Inflation,-0.7719060724715965,10
2021-01,FR,Employment,-2.371177622300454,5
2021-01,FR,Housing,-3.39805825242718,1
2021-01,FR,Inflation,-1.4950804054747795,5
2021-01,NL,Housing,-0.87719298245614,1
2021-01,UK,Employment,-1.2968737846820104,6
2021-01,UK,Housing,0.6046044028146847,7
2021-01,UK,Inflation,-0.4504339859773602,4
2021-02,DE,Employment,-0.7151425572478202,3
2021-02,DE,Housing,-1.0816069885266861,2
2021-02,DE,Inflation,-0.7649019397509964,4
2021-02,FR,Employment,-1.6779725795511269,3
2021-02,FR,Housing,-1.18245504973221,2
2021-02,FR,Inflation,-0.5468483883167551,2
2021-02,NL,Housing,-2.51937984496124,1
2021-02,NL,Inflation,-0.3724807802959065,2
2021-02,UK,Employment,-1.4823487337090635,9
2021-02,UK,Housing,-1.3547764903124566,3
2021-02,UK,Inflation,-1.9860640980082707,7
2021-03,DE,Employment,-1.409013078688011,5
2021-03,DE,Housing,-1.4299889476755283,6
2021-03,DE,Inflation,-0.9262370643390256,11
2021-03,FR,Employment,-4.682639536046082,4
2021-03,FR,Housing,0.8666626589139484,5
2021-03,FR,Inflation,0.0,1
2021-03,NL,Employment,-4.09157330735509,1
2021-03,NL,Inflation,0.68762278978389,1
2021-03,UK,Employment,-0.6657190054854861,7
2021-03,UK,Housing,0.22978991065029408,7
2021-03,UK,Inflation,-1.1695430253430255,8
2021-04,DE,Employment,-2.3062110746796467,6
2021-04,DE,Housing,0.9292423245054271,5
2021-04,DE,Inflation,0.18025165345942817,6
2021-04,FR,Employment,-1.2125193866475052,3
2021-04,FR,Housing,-1.7107914735835281,7
2021-04,FR,Inflation,-0.505477156587129,3
2021-04,UK,Employment,-2.2575619375875147,5
2021-04,UK,Housing,-1.3041474950341692,7
2021-04,UK,Inflation,-2.0225914131532123,5
2021-05,DE,Employment,-0.8606809953462136,5
2021-05,DE,Housing,0.30457715729314666,10
2021-05,DE,Inflation,-1.3180228315679225,12
2021-05,FR,Employment,-1.759723581213305,2
2021-05,FR,Housing,-1.6405373672610075,3
2021-05,FR,Inflation,-1.5498295921964997,2
2021-05,NL,Employment,-4.3557168784029,1
2021-05,NL,Housing,0.18921006398781526,4
2021-05,NL,Inflation,-1.51057401812689,1
2021-05,UK,Employment,-2.7262261475238576,4
2021-05,UK,Housing,1.2626959962019366,6
2021-05,UK,Inflation,-1.46126938985911,6
2021-06,DE,Employment,-0.06347500092083713,7
2021-06,DE,Housing,-0.3582105617839538,10
2021-06,DE,Inflation,-1.001932490462033,11
2021-06,FR,Employment,-1.932387861619759,5
2021-06,FR,Housing,-1.73570552650919,4
2021-06,FR,Inflation,-1.3403559002385323,5
2021-06,NL,Employment,-1.0296065175940354,2
2021-06,NL,Housing,0.87719298245614,1
2021-06,NL,Inflation,-0.945945945945946,1
2021-06,UK,Employment,-2.33353865985994,4
2021-06,UK,Housing,0.7297808090181034,10
2021-06,UK,Inflation,-1.469088290578395,11
2021-07,DE,Housing,-0.020131135574071497,3
2021-07,DE,Inflation,-1.5204350687726986,8
2021-07,FR,Employment,-0.815217391304348,1
2021-07,FR,Housing,-3.4535686876439,1
2021-07,FR,Inflation,-0.9287499470496,2
2021-07,NL,Housing,-9.96168582375479,1
2021-07,NL,Inflation,-0.5394364314994189,2
2021-07,UK,Employment,-1.9088097759139995,3
2021-07,UK,Housing,1.5674360623773784,6
2021-07,UK,Inflation,-1.2403993745948116,6
2021-08,DE,Employment,-0.4719979181230699,2
2021-08,DE,Housing,2.4077673919525733,5
2021-08,DE,Inflation,-2.36493134515962,3
2021-08,FR,Employment,-1.3421723222356088,3
2021-08,FR,Housing,2.7652232400425474,4
2021-08,NL,Employment,-3.32936979785969,1
2021-08,NL,Inflation,-3.995548725557735,2
2021-08,UK,Employment,-1.6658419574997632,7
2021-08,UK,Housing,-0.794036227877522,6
2021-08,UK,Inflation,-1.5127905488558566,3
2021-09,DE,Employment,-1.1706634835944925,6
2021-09,DE,Housing,1.4507849393523595,5
2021-09,DE,Inflation,-1.9372872266479797,7
2021-09,FR,Employment,-1.3344660328190123,4
2021-09,FR,Housing,-0.344234079173838,1
2021-09,FR,Inflation,-2.754329167052657,8
2021-09,NL,Employment,-1.750979381074135,2
2021-09,NL,Inflation,-1.01522842639594,1
2021-09,UK,Employment,-3.893861892583121,2
2021-09,UK,Housing,0.19044751054785003,3
2021-09,UK,Inflation,0.23476750313769723,4
2021-10,DE,Employment,-7.14285714285714,1
2021-10,DE,Housing,-2.077818324004034,10
2021-10,DE,Inflation,-1.243654673650141,12
2021-10,FR,Employment,-1.6870367173462695,4
2021-10,FR,Housing,-2.130944100340749,4
2021-10,FR,Inflation,-2.59426671947933,2
2021-10,NL,Housing,1.3606444640927384,2
2021-10,NL,Inflation,-2.8797271768549764,3
2021-10,UK,Employment,-1.137002655860961,4
2021-10,UK,Housing,-0.6718523985858316,9
2021-10,UK,Inflation,-1.0287708131044984,11
2021-11,DE,Employment,-2.503295353440543,3
2021-11,DE,Housing,-0.9362848499369846,3
2021-11,DE,Inflation,-2.079426063134737,9
2021-11,FR,Employment,-1.3971958195122545,6
2021-11,FR,Housing,0.33695668487263125,4
2021-11,FR,Inflation,-0.890364752799851,7
2021-11,NL,Employment,-3.83241312114323,1
2021-11,NL,Inflation,-2.5282153667443756,5
2021-11,UK,Employment,-2.9426171687399947,2
2021-11,UK,Housing,-0.7775467074868905,8
2021-11,UK,Inflation,-1.5993366723442004,15
2021-12,DE,Housing,-0.9809731855492667,3
2021-12,DE,Inflation,-0.7386875259857867,19
2021-12,FR,Employment,1.81543116490166,1
2021-12,FR,Housing,-0.30073341556507227,5
2021-12,FR,Inflation,-2.27044067706167,11
2021-12,NL,Employment,1.87657885239986,1
2021-12,NL,Housing,4.173669467787115,2
2021-12,NL,Inflation,-2.8020708270822774,4
2021-12,UK,Employment,-5.67514677103718,1
2021-12,UK,Housing,1.1913895219483819,5
2021-12,UK,Inflation,-1.6034078247979153,17
2022-01,DE,Employment,-1.5749513639702228,4
2022-01,DE,Housing,3.6652747901640703,2
2022-01,DE,Inflation,-0.031104025796581766,16
2022-01,FR,Employment,-1.72413793103448,2
2022-01,FR,Housing,-1.5583414550343466,3
2022-01,FR,Inflation,-1.2771765560667152,4
2022-01,NL,Housing,2.37580993520518,1
2022-01,NL,Inflation,-1.1983190325559747,3
2022-01,UK,Employment,-1.04790419161677,1
2022-01,UK,Housing,-1.7467169075959639,5
2022-01,UK,Inflation,-1.92656837934803,6
2022-02,DE,Employment,-1.2651396048892898,5
2022-02,DE,Housing,-0.5158496274419947,3
2022-02,DE,Inflation,-2.305072226398536,17
2022-02,FR,Employment,-1.2334440987672974,7
2022-02,FR,Housing,-0.6532945268371881,4
2022-02,FR,Inflation,-0.3320057212780863,6
2022-02,NL,Employment,-5.59006211180124,1
2022-02,NL,Inflation,-1.6025126543086299,4
2022-02,UK,Employment,-4.175696371858417,3
2022-02,UK,Housing,0.3773529225764741,10
2022-02,UK,Inflation,-1.6661462044663948,17
2022-03,DE,Employment,-4.34548819527811,2
2022-03,DE,Housing,-1.556783505324654,4
2022-03,DE,Inflation,-2.7171001432349255,16
2022-03,FR,Employment,-2.8669935317148725,4
2022-03,FR,Housing,-0.010687912942090483,2
2022-03,FR,Inflation,-1.1049192019788276,8
2022-03,NL,Employment,-0.776531492666092,1
2022-03,NL,Housing,-4.30769230769231,1
2022-03,NL,Inflation,-1.497903742739405,2
2022-03,UK,Employment,-2.2336583552272735,5
2022-03,UK,Housing,0.4868284762464651,2
2022-03,UK,Inflation,-1.5505538262774343,19
2022-04,DE,Employment,-2.687390679556007,3
2022-04,DE,Housing,-0.7519706164647576,2
2022-04,DE,Inflation,-1.9339328380327592,18
2022-04,FR,Employment,-2.787103876936671,3
2022-04,FR,Housing,0.376428896445604,3
2022-04,FR,Inflation,-1.3156347100107262,12
2022-04,NL,Inflation,-2.1223788950257507,3
2022-04,UK,Employment,-4.19325432999088,1
2022-04,UK,Housing,-0.7931500878606068,7
2022-04,UK,Inflation,-2.4296041292896122,23
2022-05,DE,Employment,-2.516721408002355,2
2022-05,DE,Housing,1.5352516217425782,4
2022-05,DE,Inflation,-1.5529932168642617,18
2022-05,FR,Housing,-0.306748466257669,1
2022-05,FR,Inflation,-5.42849631966351,2
2022-05,NL,Employment,0.283553875236295,1
2022-05,NL,Housing,-0.380710659898477,1
2022-05,NL,Inflation,-2.555077533198069,4
2022-05,UK,Housing,2.7679849281694016,3
2022-05,UK,Inflation,-1.1564193570175094,11
2022-06,DE,Employment,-1.8482547485459797,4
2022-06,DE,Housing,-0.002246652705616224,14
2022-06,DE,Inflation,-1.744919595769912,24
2022-06,FR,Employment,-2.72904483430799,2
2022-06,FR,Housing,1.58730158730159,1
2022-06,FR,Inflation,-2.2040825456699205,14
2022-06,NL,Housing,-2.01996449372411,2
2022-06,NL,Inflation,-2.770780127050445,6
2022-06,UK,Employment,2.25273732001494,5
2022-06,UK,Housing,0.25229050477300974,4
2022-06,UK,Inflation,-1.9219909690041592,40
2022-07,DE,Employment,-2.68707482993197,1
2022-07,DE,Housing,-0.364633572368337,6
2022-07,DE,Inflation,-2.0700181111592544,40
2022-07,FR,Employment,-3.4328234674420064,3
2022-07,FR,Housing,-2.0214995861427196,7
2022-07,FR,Inflation,-1.892135246576792,15
2022-07,NL,Employment,-11.0655737704918,1
2022-07,NL,Housing,-1.76673235340095,4
2022-07,NL,Inflation,-2.8650809139183924,6
2022-07,UK,Employment,-3.286074570980117,3
2022-07,UK,Housing,-0.4789655523964765,3
2022-07,UK,Inflation,-1.7479346167606657,33
2022-08,DE,Employment,-2.44158646523135,3
2022-08,DE,Housing,1.8394885164627242,4
2022-08,DE,Inflation,-1.3267669379366753,22
2022-08,FR,Employment,-0.0563063063063063,1
2022-08,FR,Housing,3.026009126249496,2
2022-08,FR,Inflation,-2.1577094847550717,9
2022-08,NL,Employment,-8.56820744081173,1
2022-08,NL,Housing,-1.255733979113,3
2022-08,NL,Inflation,-1.140065146579805,2
2022-08,UK,Employment,-1.1555973931031442,3
2022-08,UK,Housing,0.22582243576017477,6
2022-08,UK,Inflation,-1.7480866153314192,33
2022-09,DE,Employment,-1.342228577008987,4
2022-09,DE,Housing,-1.85873605947955,1
2022-09,DE,Inflation,-1.6593442760872128,25
2022-09,FR,Employment,-2.7777091346370835,3
2022-09,FR,Housing,-3.14678146781468,2
2022-09,FR,Inflation,-1.990293950345426,9
2022-09,NL,Housing,-2.27272727272727,1
2022-09,NL,Inflation,-1.258029560857595,7
2022-09,UK,Employment,-3.034416475860045,8
2022-09,UK,Housing,3.1823419990018627,4
2022-09,UK,Inflation,-2.141181253055657,33
2022-10,DE,Employment,1.5911193339500453,3
2022-10,DE,Housing,-2.98634812286689,1
2022-10,DE,Inflation,-1.8556200535822345,13
2022-10,FR,Housing,0.5892839984672568,3
2022-10,FR,Inflation,-2.1548156107183947,12
2022-10,NL,Employment,-2.98592260589609,2
2022-10,NL,Housing,1.84388444990781,1
2022-10,NL,Inflation,-1.11947788298129,3
2022-10,UK,Employment,0.860196556781139,3
2022-10,UK,Housing,-1.60511434384531,4
2022-10,UK,Inflation,-2.9114152863234315,42
2022-11,DE,Employment,-0.24578273566320002,2
2022-11,DE,Housing,0.3215343777545497,8
2022-11,DE,Inflation,-1.3134458984122819,18
2022-11,FR,Employment,-0.307692307692308,1
2022-11,FR,Housing,0.050337385481073284,3
2022-11,FR,Inflation,-2.1580661962803416,13
2022-11,NL,Employment,-2.11726384364821,1
2022-11,NL,Housing,0.34762391019137007,2
2022-11,NL,Inflation,-1.791301918420562,2
2022-11,UK,Employment,-1.228982514938604,5
2022-11,UK,Housing,4.7438330170778,1
2022-11,UK,Inflation,-3.42316351115016,31
2022-12,DE,Employment,-4.45576066199873,1
2022-12,DE,Housing,0.9576984786911349,2
2022-12,DE,Inflation,-1.3416502935589938,11
2022-12,FR,Housing,-2.04081632653061,1
2022-12,FR,Inflation,-1.694898255708749,4
2022-12,NL,Inflation,-6.40599001663894,1
2022-12,UK,Housing,1.0095357238767275,5
2022-12,UK,Inflation,-1.9340537757639251,15
2023-01,DE,Employment,-1.581751581751585,2
2023-01,DE,Housing,-2.2494421016647164,7
2023-01,DE,Inflation,-1.189085560458461,18
2023-01,FR,Employment,-2.3725169451035297,2
2023-01,FR,Housing,-1.0093480061531206,2
2023-01,FR,Inflation,0.4140739792445893,7
2023-01,NL,Inflation,0.390625,1
2023-01,UK,Employment,-1.397885963914226,3
2023-01,UK,Inflation,-1.739493365091863,22
2023-02,DE,Employment,-0.335570469798658,1
2023-02,DE,Housing,-3.595475706596195,2
2023-02,DE,Inflation,-2.1585058447901155,24
2023-02,FR,Employment,-4.7509428032683845,2
2023-02,FR,Housing,-2.12201591511936,1
2023-02,FR,Inflation,-0.2679599156354531,8
2023-02,NL,Housing,-0.063231109705975,1
2023-02,NL,Inflation,-3.86643233743409,1
2023-02,UK,Employment,2.52365930599369,1
2023-02,UK,Housing,-2.054232974934423,4
2023-02,UK,Inflation,-0.830257147586678,12
2023-03,DE,Employment,-0.7189714215370385,6
2023-03,DE,Housing,-0.0594227504244485,2
2023-03,DE,Inflation,-1.3166092921378632,27
2023-03,FR,Employment,-3.798195324990303,4
2023-03,FR,Housing,-1.366459091118378,2
2023-03,FR,Inflation,-3.0838825569897614,12
2023-03,NL,Housing,-1.40845070422535,1
2023-03,NL,Inflation,-1.7641856521330832,6
2023-03,UK,Employment,1.3089448597904698,2
2023-03,UK,Housing,-1.7758935640271845,5
2023-03,UK,Inflation,-1.1380246952784465,21
2023-04,DE,Employment,-1.10236220472441,1
2023-04,DE,Housing,-2.6073623739227574,4
2023-04,DE,Inflation,-1.2092450735624072,11
2023-04,FR,Employment,-3.32786994174843,2
2023-04,FR,Housing,-0.06245432955791008,2
2023-04,FR,Inflation,-0.7657687914107518,8
2023-04,UK,Employment,-5.637600575200277,3
2023-04,UK,Housing,-5.398630471998045,2
2023-04,UK,Inflation,-0.5176763016651377,15
2023-05,DE,Employment,-2.547727693738444,5
2023-05,DE,Housing,-1.7953288971022567,9
2023-05,DE,Inflation,-1.4663415256046028,11
2023-05,FR,Employment,-3.2821314728789943,5
2023-05,FR,Housing,-1.1729596500719168,3
2023-05,FR,Inflation,-3.313090825624996,10
2023-05,NL,Employment,-3.17831215970962,2
2023-05,NL,Inflation,2.0742095276565857,5
2023-05,UK,Employment,-2.3658081941644147,2
2023-05,UK,Housing,-1.75192891104445,7
2023-05,UK,Inflation,-1.0657107085980833,22
2023-06,DE,Employment,-2.7626289036168576,7
2023-06,DE,Housing,-0.632487058896161,6
2023-06,DE,Inflation,-1.0725947197147812,22
2023-06,FR,Employment,-2.6953369683530464,5
2023-06,FR,Housing,-0.5672090794924898,13
2023-06,FR,Inflation,0.25889005359182743,11
2023-06,NL,Employment,-6.08894967528207,2
2023-06,NL,Housing,-0.8146575690828035,3
2023-06,NL,Inflation,-0.718214210512601,5
2023-06,UK,Employment,0.026056189299036192,4
2023-06,UK,Housing,0.519492682356183,10
2023-06,UK,Inflation,-1.1224208075718587,29
2023-07,DE,Employment,-4.54264853382997,3
2023-07,DE,Housing,-1.8712957401510835,10
2023-07,DE,Inflation,-0.8441400685137065,23
2023-07,FR,Employment,-1.14947179791938,4
2023-07,FR,Housing,-0.23696682464455,5
2023-07,FR,Inflation,-0.8449474767665351,8
2023-07,NL,Employment,-2.0279528759166467,3
2023-07,NL,Housing,-7.47252747252747,1
2023-07,NL,Inflation,-2.64314950026189,2
2023-07,UK,Employment,-0.463878908724125,3
2023-07,UK,Housing,-2.2143149858744984,8
2023-07,UK,Inflation,-1.6876086341744323,30
2023-08,DE,Employment,-1.548945592923119,6
2023-08,DE,Housing,-0.705233721711069,15
2023-08,DE,Inflation,-1.5389838626777534,28
2023-08,FR,Employment,-1.5450310773788116,4
2023-08,FR,Housing,2.031767885320837,6
2023-08,FR,Inflation,-1.3285121150034556,11
2023-08,NL,Housing,-1.05633802816901,1
2023-08,NL,Inflation,-2.8133463035434505,3
2023-08,UK,Employment,-1.1845220771471345,6
2023-08,UK,Housing,0.9349112844792354,2
2023-08,UK,Inflation,-1.719123426325725,18
2023-09,DE,Employment,-1.9556357798966266,3
2023-09,DE,Housing,1.06716936689682,3
2023-09,DE,Inflation,-1.5006894834266813,20
2023-09,FR,Housing,2.88659793814433,1
2023-09,FR,Inflation,-0.8195797398192378,4
2023-09,NL,Employment,2.30572160546541,1
2023-09,NL,Inflation,0.8590367965367944,2
2023-09,UK,Employment,-1.53061224489796,1
2023-09,UK,Housing,-0.7774095205344581,6
2023-09,UK,Inflation,-1.9941399706660385,14
2023-10,DE,Employment,-3.3096926713948,1
2023-10,DE,Housing,-0.07861670704070267,4
2023-10,DE,Inflation,-1.8060877478899138,28
2023-10,FR,Employment,-1.1957514071218949,2
2023-10,FR,Housing,0.3190799154987463,6
2023-10,FR,Inflation,-2.3475471223870756,12
2023-10,NL,Employment,-0.12987012987013,1
2023-10,NL,Housing,3.80499405469679,1
2023-10,NL,Inflation,-1.86682634398858,4
2023-10,UK,Employment,-0.9581814053505351,2
2023-10,UK,Housing,1.5545875429368583,7
2023-10,UK,Inflation,-2.02798491198648,15
2023-11,DE,Employment,-3.4096922958081817,4
2023-11,DE,Housing,-1.0947753262063604,4
2023-11,DE,Inflation,0.8018629622039308,7
2023-11,FR,Employment,-0.970873786407767,1
2023-11,FR,Housing,-2.134644249188292,4
2023-11,FR,Inflation,-0.5657320356386374,4
2023-11,NL,Inflation,0.45345904496365,5
2023-11,UK,Employment,-1.159404684298752,5
2023-11,UK,Housing,-0.246913580246914,1
2023-11,UK,Inflation,-0.41621188116878743,17
2023-12,DE,Employment,-1.941130042012466,4
2023-12,DE,Housing,-0.9172280761099812,9
2023-12,DE,Inflation,-0.21602583530247824,17
2023-12,FR,Housing,1.1693728586325052,2
2023-12,FR,Inflation,-0.8952185142241319,5
2023-12,NL,Inflation,-0.200931623770947,5
2023-12,UK,Employment,-2.82413350449294,1
2023-12,UK,Housing,2.97805642633229,1
2023-12,UK,Inflation,-1.4347956429648936,14
